{"cameraMode":{"drawMode":0,"name":"Shaded","section":"Shading Mode"},"sceneLighting":false,"audioPlay":false,"sceneViewState":{"m_AlwaysRefresh":false,"showFog":true,"showSkybox":false,"showFlares":true,"showImageEffects":true,"showParticleSystems":true,"showVisualEffectGraphs":true,"m_FxEnabled":true},"in2DMode":false,"pivot":{"x":0.0007763504981994629,"y":0.16630244255065919,"z":1.2208385467529297},"rotation":{"x":-0.15818974375724793,"y":0.7119050025939941,"z":-0.16994410753250123,"w":-0.6628136038780212},"size":1.355555534362793,"orthographic":false}