{"cameraMode":{"drawMode":0,"name":"Shaded","section":"Shading Mode"},"sceneLighting":false,"audioPlay":false,"sceneViewState":{"m_AlwaysRefresh":false,"showFog":true,"showSkybox":false,"showFlares":true,"showImageEffects":true,"showParticleSystems":true,"showVisualEffectGraphs":true,"m_FxEnabled":true},"in2DMode":false,"pivot":{"x":0.004758358001708984,"y":0.1763106882572174,"z":1.1234304904937745},"rotation":{"x":-0.20207707583904267,"y":-0.6949678659439087,"z":0.21407169103622437,"w":-0.6560222506523132},"size":1.365814208984375,"orthographic":false}