{"cameraMode":{"drawMode":0,"name":"Shaded","section":"Shading Mode"},"sceneLighting":false,"audioPlay":false,"sceneViewState":{"m_AlwaysRefresh":false,"showFog":true,"showSkybox":false,"showFlares":true,"showImageEffects":true,"showParticleSystems":true,"showVisualEffectGraphs":true,"m_FxEnabled":true},"in2DMode":false,"pivot":{"x":0.004758358001708984,"y":0.17510242760181428,"z":1.1234304904937745},"rotation":{"x":-0.07186844199895859,"y":0.9264727830886841,"z":-0.28842970728874209,"w":-0.23085066676139832},"size":1.365951657295227,"orthographic":false}