{"cameraMode":{"drawMode":0,"name":"Shaded","section":"Shading Mode"},"sceneLighting":true,"audioPlay":false,"sceneViewState":{"m_AlwaysRefresh":false,"showFog":true,"showSkybox":true,"showFlares":true,"showImageEffects":true,"showParticleSystems":true,"showVisualEffectGraphs":true,"m_FxEnabled":true},"in2DMode":false,"pivot":{"x":0.1797046959400177,"y":-0.04015928506851196,"z":-0.10871821641921997},"rotation":{"x":-0.06325770169496536,"y":0.9367292523384094,"z":-0.24599286913871766,"w":-0.24088230729103089},"size":1.8399310111999512,"orthographic":false}