{"cameraMode":{"drawMode":0,"name":"Shaded","section":"Shading Mode"},"sceneLighting":true,"audioPlay":false,"sceneViewState":{"m_AlwaysRefresh":false,"showFog":true,"showSkybox":true,"showFlares":true,"showImageEffects":true,"showParticleSystems":true,"showVisualEffectGraphs":true,"m_FxEnabled":true},"in2DMode":false,"pivot":{"x":-0.4444056749343872,"y":0.5160064697265625,"z":-1.0216840505599976},"rotation":{"x":-0.0043257176876068119,"y":0.9663126468658447,"z":-0.25686293840408327,"w":-0.016261201351881028},"size":1.7604525089263917,"orthographic":false}