{"cameraMode":{"drawMode":0,"name":"Shaded","section":"Shading Mode"},"sceneLighting":true,"audioPlay":false,"sceneViewState":{"m_AlwaysRefresh":false,"showFog":true,"showSkybox":true,"showFlares":true,"showImageEffects":true,"showParticleSystems":true,"showVisualEffectGraphs":true,"m_FxEnabled":true},"in2DMode":false,"pivot":{"x":-0.38982483744621279,"y":0.27563804388046267,"z":-0.7964985370635986},"rotation":{"x":0.03595047444105148,"y":0.957999587059021,"z":-0.24850910902023316,"w":0.13859343528747559},"size":1.5496280193328858,"orthographic":false}