{"cameraMode":{"drawMode":0,"name":"Shaded","section":"Shading Mode"},"sceneLighting":true,"audioPlay":false,"sceneViewState":{"m_AlwaysRefresh":false,"showFog":true,"showSkybox":true,"showFlares":true,"showImageEffects":true,"showParticleSystems":true,"showVisualEffectGraphs":true,"m_FxEnabled":true},"in2DMode":false,"pivot":{"x":0.015999987721443178,"y":1.559000015258789,"z":2.6359872817993166},"rotation":{"x":0.00033877979149110615,"y":0.9570119976997376,"z":-0.29008209705352785,"w":0.001122528687119484},"size":0.2660253643989563,"orthographic":false}