{"cameraMode":{"drawMode":0,"name":"Shaded","section":"Shading Mode"},"sceneLighting":true,"audioPlay":false,"sceneViewState":{"m_AlwaysRefresh":false,"showFog":true,"showSkybox":true,"showFlares":true,"showImageEffects":true,"showParticleSystems":true,"showVisualEffectGraphs":true,"m_FxEnabled":true},"in2DMode":false,"pivot":{"x":1.2506601810455323,"y":0.40930378437042239,"z":-1.4001152515411378},"rotation":{"x":-0.0043257176876068119,"y":0.9663126468658447,"z":-0.25686293840408327,"w":-0.016261201351881028},"size":2.0784833431243898,"orthographic":false}