{"cameraMode":{"drawMode":0,"name":"Shaded","section":"Shading Mode"},"sceneLighting":true,"audioPlay":false,"sceneViewState":{"m_AlwaysRefresh":false,"showFog":true,"showSkybox":true,"showFlares":true,"showImageEffects":true,"showParticleSystems":true,"showVisualEffectGraphs":true,"m_FxEnabled":true},"in2DMode":false,"pivot":{"x":0.6819360852241516,"y":0.5154305100440979,"z":-0.146137535572052},"rotation":{"x":-0.06976647675037384,"y":0.9302269220352173,"z":-0.25775769352912905,"w":-0.25177597999572756},"size":1.2496280670166016,"orthographic":false}