{"cameraMode":{"drawMode":0,"name":"Shaded","section":"Shading Mode"},"sceneLighting":true,"audioPlay":false,"sceneViewState":{"m_AlwaysRefresh":false,"showFog":true,"showSkybox":true,"showFlares":true,"showImageEffects":true,"showParticleSystems":true,"showVisualEffectGraphs":true,"m_FxEnabled":true},"in2DMode":false,"pivot":{"x":-0.1458757519721985,"y":-0.1528090238571167,"z":-2.911747455596924},"rotation":{"x":-0.009062682278454304,"y":0.9758355617523193,"z":-0.2144378125667572,"w":-0.04132547974586487},"size":3.6008591651916506,"orthographic":false}