{"cameraMode":{"drawMode":0,"name":"Shaded","section":"Shading Mode"},"sceneLighting":true,"audioPlay":false,"sceneViewState":{"m_AlwaysRefresh":false,"showFog":true,"showSkybox":true,"showFlares":true,"showImageEffects":true,"showParticleSystems":true,"showVisualEffectGraphs":true,"m_FxEnabled":true},"in2DMode":false,"pivot":{"x":0.1148163378238678,"y":-0.6628234386444092,"z":-0.6246049404144287},"rotation":{"x":0.006491698790341616,"y":0.9614107608795166,"z":-0.27417922019958498,"w":0.02277183160185814},"size":1.792604923248291,"orthographic":false}