{"cameraMode":{"drawMode":0,"name":"Shaded","section":"Shading Mode"},"sceneLighting":true,"audioPlay":false,"sceneViewState":{"m_AlwaysRefresh":false,"showFog":true,"showSkybox":true,"showFlares":true,"showImageEffects":true,"showParticleSystems":true,"showVisualEffectGraphs":true,"m_FxEnabled":true},"in2DMode":false,"pivot":{"x":0.8231372833251953,"y":-0.07303619384765625,"z":0.7630910873413086},"rotation":{"x":0.034513574093580249,"y":0.9571277499198914,"z":-0.2574954926967621,"w":0.12822522222995759},"size":2.2233388423919679,"orthographic":false}