{"cameraMode":{"drawMode":0,"name":"Shaded","section":"Shading Mode"},"sceneLighting":true,"audioPlay":false,"sceneViewState":{"m_AlwaysRefresh":false,"showFog":true,"showSkybox":true,"showFlares":true,"showImageEffects":true,"showParticleSystems":true,"showVisualEffectGraphs":true,"m_FxEnabled":true},"in2DMode":false,"pivot":{"x":-0.43317559361457827,"y":0.8057151436805725,"z":-2.5376408100128176},"rotation":{"x":-0.002872317098081112,"y":0.9954284429550171,"z":-0.09014161676168442,"w":-0.03169441223144531},"size":1.2712297439575196,"orthographic":false}