{"cameraMode":{"drawMode":0,"name":"Shaded","section":"Shading Mode"},"sceneLighting":true,"audioPlay":false,"sceneViewState":{"m_AlwaysRefresh":false,"showFog":true,"showSkybox":true,"showFlares":true,"showImageEffects":true,"showParticleSystems":true,"showVisualEffectGraphs":true,"m_FxEnabled":true},"in2DMode":false,"pivot":{"x":787.1149291992188,"y":416.02410888671877,"z":559.3089599609375},"rotation":{"x":-0.043787021189928058,"y":0.020955968648195268,"z":-0.0009118550806306303,"w":-0.998842716217041},"size":752.4673461914063,"orthographic":false}