{"cameraMode":{"drawMode":0,"name":"Shaded","section":"Shading Mode"},"sceneLighting":true,"audioPlay":false,"sceneViewState":{"m_AlwaysRefresh":false,"showFog":true,"showSkybox":true,"showFlares":true,"showImageEffects":true,"showParticleSystems":true,"showVisualEffectGraphs":true,"m_FxEnabled":true},"in2DMode":false,"pivot":{"x":1196.7071533203125,"y":574.2391357421875,"z":-144.1737060546875},"rotation":{"x":-0.031750377267599109,"y":-0.058461274951696399,"z":0.001862949226051569,"w":-0.9978047609329224},"size":654.4207763671875,"orthographic":false}