{"cameraMode":{"drawMode":0,"name":"Shaded","section":"Shading Mode"},"sceneLighting":true,"audioPlay":false,"sceneViewState":{"m_AlwaysRefresh":false,"showFog":true,"showSkybox":true,"showFlares":true,"showImageEffects":true,"showParticleSystems":true,"showVisualEffectGraphs":true,"m_FxEnabled":true},"in2DMode":false,"pivot":{"x":0.4828662872314453,"y":0.19521117210388184,"z":2.3959951400756838},"rotation":{"x":-0.07774053514003754,"y":-0.791189968585968,"z":0.10288100689649582,"w":-0.5978272557258606},"size":2.1750271320343019,"orthographic":false}