{"cameraMode":{"drawMode":0,"name":"Shaded","section":"Shading Mode"},"sceneLighting":true,"audioPlay":false,"sceneViewState":{"m_AlwaysRefresh":false,"showFog":true,"showSkybox":true,"showFlares":true,"showImageEffects":true,"showParticleSystems":true,"showVisualEffectGraphs":true,"m_FxEnabled":true},"in2DMode":false,"pivot":{"x":0.015999794006347657,"y":1.809000015258789,"z":3.069000244140625},"rotation":{"x":0.03595047444105148,"y":0.957999587059021,"z":-0.24850910902023316,"w":0.13859343528747559},"size":0.8660253882408142,"orthographic":false}