{"cameraMode":{"drawMode":0,"name":"Shaded","section":"Shading Mode"},"sceneLighting":false,"audioPlay":false,"sceneViewState":{"m_AlwaysRefresh":false,"showFog":true,"showSkybox":false,"showFlares":true,"showImageEffects":true,"showParticleSystems":true,"showVisualEffectGraphs":true,"m_FxEnabled":true},"in2DMode":false,"pivot":{"x":1.4374430179595948,"y":0.23047879338264466,"z":0.9608304500579834},"rotation":{"x":-0.6573100090026856,"y":-0.33524757623672488,"z":0.41247037053108218,"w":-0.5342513918876648},"size":0.20198920369148255,"orthographic":false}