{"cameraMode":{"drawMode":0,"name":"Shaded","section":"Shading Mode"},"sceneLighting":false,"audioPlay":false,"sceneViewState":{"m_AlwaysRefresh":false,"showFog":true,"showSkybox":false,"showFlares":true,"showImageEffects":true,"showParticleSystems":true,"showVisualEffectGraphs":true,"m_FxEnabled":true},"in2DMode":false,"pivot":{"x":1.5068769454956055,"y":0.03804444894194603,"z":1.1680614948272706},"rotation":{"x":-0.008841880597174168,"y":-0.5752110481262207,"z":0.0062174368649721149,"w":-0.8179346323013306},"size":0.20198920369148255,"orthographic":false}