{"cameraMode":{"drawMode":0,"name":"Shaded","section":"Shading Mode"},"sceneLighting":false,"audioPlay":false,"sceneViewState":{"m_AlwaysRefresh":false,"showFog":true,"showSkybox":false,"showFlares":true,"showImageEffects":true,"showParticleSystems":true,"showVisualEffectGraphs":true,"m_FxEnabled":true},"in2DMode":false,"pivot":{"x":-0.012058377265930176,"y":0.1763106882572174,"z":0.8797069191932678},"rotation":{"x":-0.20207707583904267,"y":-0.6949678659439087,"z":0.21407169103622437,"w":-0.6560222506523132},"size":1.4096957445144654,"orthographic":false}