{"cameraMode":{"drawMode":0,"name":"Shaded","section":"Shading Mode"},"sceneLighting":true,"audioPlay":false,"sceneViewState":{"m_AlwaysRefresh":false,"showFog":true,"showSkybox":true,"showFlares":true,"showImageEffects":true,"showParticleSystems":true,"showVisualEffectGraphs":true,"m_FxEnabled":true},"in2DMode":false,"pivot":{"x":-0.34749698638916018,"y":0.23092319071292878,"z":0.6340101957321167},"rotation":{"x":-0.0873299241065979,"y":0.6652626395225525,"z":-0.07879938185214997,"w":-0.7372865676879883},"size":0.5665487051010132,"orthographic":false}