{"cameraMode":{"drawMode":0,"name":"Shaded","section":"Shading Mode"},"sceneLighting":false,"audioPlay":false,"sceneViewState":{"m_AlwaysRefresh":false,"showFog":true,"showSkybox":false,"showFlares":true,"showImageEffects":true,"showParticleSystems":true,"showVisualEffectGraphs":true,"m_FxEnabled":true},"in2DMode":false,"pivot":{"x":0.0007763504981994629,"y":0.16630244255065919,"z":0.9168705940246582},"rotation":{"x":0.039724599570035937,"y":0.9537884593009949,"z":-0.25967010855674746,"w":0.145907461643219},"size":0.8131100535392761,"orthographic":false}