{"cameraMode":{"drawMode":0,"name":"Shaded","section":"Shading Mode"},"sceneLighting":true,"audioPlay":false,"sceneViewState":{"m_AlwaysRefresh":false,"showFog":true,"showSkybox":true,"showFlares":true,"showImageEffects":true,"showParticleSystems":true,"showVisualEffectGraphs":true,"m_FxEnabled":true},"in2DMode":false,"pivot":{"x":-0.013988450169563294,"y":0.07296153903007508,"z":0.3095097839832306},"rotation":{"x":0.00047984893899410963,"y":0.9637711644172669,"z":-0.26673170924186709,"w":0.001731089549139142},"size":1.2305169105529786,"orthographic":false}