{"cameraMode":{"drawMode":0,"name":"Shaded","section":"Shading Mode"},"sceneLighting":true,"audioPlay":false,"sceneViewState":{"m_AlwaysRefresh":false,"showFog":true,"showSkybox":true,"showFlares":true,"showImageEffects":true,"showParticleSystems":true,"showVisualEffectGraphs":true,"m_FxEnabled":true},"in2DMode":false,"pivot":{"x":1.2389460802078248,"y":0.04228174686431885,"z":1.5324524641036988},"rotation":{"x":0.014815256930887699,"y":0.9850027561187744,"z":-0.13078072667121888,"w":0.1115783229470253},"size":0.26323071122169497,"orthographic":false}