{"cameraMode":{"drawMode":0,"name":"Shaded","section":"Shading Mode"},"sceneLighting":false,"audioPlay":false,"sceneViewState":{"m_AlwaysRefresh":false,"showFog":true,"showSkybox":false,"showFlares":true,"showImageEffects":true,"showParticleSystems":true,"showVisualEffectGraphs":true,"m_FxEnabled":true},"in2DMode":false,"pivot":{"x":0.25700637698173525,"y":-0.4157117009162903,"z":1.2966692447662354},"rotation":{"x":0.000936257594730705,"y":0.9588093161582947,"z":-0.28403380513191225,"w":0.0031605802942067386},"size":1.4230856895446778,"orthographic":false}