{"cameraMode":{"drawMode":0,"name":"Shaded","section":"Shading Mode"},"sceneLighting":false,"audioPlay":false,"sceneViewState":{"m_AlwaysRefresh":false,"showFog":true,"showSkybox":false,"showFlares":true,"showImageEffects":true,"showParticleSystems":true,"showVisualEffectGraphs":true,"m_FxEnabled":true},"in2DMode":false,"pivot":{"x":-0.2824999988079071,"y":0.10679999738931656,"z":0.4848000109195709},"rotation":{"x":-0.3097037672996521,"y":-0.5105476379394531,"z":0.20381344854831696,"w":-0.7758382558822632},"size":0.029156994074583055,"orthographic":false}