{"cameraMode":{"drawMode":0,"name":"Shaded","section":"Shading Mode"},"sceneLighting":false,"audioPlay":false,"sceneViewState":{"m_AlwaysRefresh":false,"showFog":true,"showSkybox":false,"showFlares":true,"showImageEffects":true,"showParticleSystems":true,"showVisualEffectGraphs":true,"m_FxEnabled":true},"in2DMode":false,"pivot":{"x":0.6020033955574036,"y":0.06615105271339417,"z":0.816419243812561},"rotation":{"x":-0.09289926290512085,"y":0.19141007959842683,"z":-0.018216850236058236,"w":-0.9769492149353027},"size":1.534471035003662,"orthographic":false}