{"cameraMode":{"drawMode":0,"name":"Shaded","section":"Shading Mode"},"sceneLighting":false,"audioPlay":false,"sceneViewState":{"m_AlwaysRefresh":false,"showFog":true,"showSkybox":false,"showFlares":true,"showImageEffects":true,"showParticleSystems":true,"showVisualEffectGraphs":true,"m_FxEnabled":true},"in2DMode":false,"pivot":{"x":0.4054511785507202,"y":0.10352376103401184,"z":0.7440687417984009},"rotation":{"x":-0.09289926290512085,"y":0.19141007959842683,"z":-0.018216850236058236,"w":-0.9769492149353027},"size":0.63447105884552,"orthographic":false}