{"cameraMode":{"drawMode":0,"name":"Shaded","section":"Shading Mode"},"sceneLighting":false,"audioPlay":false,"sceneViewState":{"m_AlwaysRefresh":false,"showFog":true,"showSkybox":false,"showFlares":true,"showImageEffects":true,"showParticleSystems":true,"showVisualEffectGraphs":true,"m_FxEnabled":true},"in2DMode":false,"pivot":{"x":-0.5029428601264954,"y":0.19372490048408509,"z":0.6286134719848633},"rotation":{"x":-0.07186844199895859,"y":0.9264727830886841,"z":-0.28842970728874209,"w":-0.23085066676139832},"size":0.09094691276550293,"orthographic":false}