{"cameraMode":{"drawMode":0,"name":"Shaded","section":"Shading Mode"},"sceneLighting":false,"audioPlay":false,"sceneViewState":{"m_AlwaysRefresh":false,"showFog":true,"showSkybox":false,"showFlares":true,"showImageEffects":true,"showParticleSystems":true,"showVisualEffectGraphs":true,"m_FxEnabled":true},"in2DMode":false,"pivot":{"x":0.798488438129425,"y":-0.30189526081085207,"z":0.33052071928977969},"rotation":{"x":-0.07186844199895859,"y":0.9264727830886841,"z":-0.28842970728874209,"w":-0.23085066676139832},"size":1.2833466529846192,"orthographic":false}