{"cameraMode":{"drawMode":0,"name":"Shaded","section":"Shading Mode"},"sceneLighting":false,"audioPlay":false,"sceneViewState":{"m_AlwaysRefresh":false,"showFog":true,"showSkybox":false,"showFlares":true,"showImageEffects":true,"showParticleSystems":true,"showVisualEffectGraphs":true,"m_FxEnabled":true},"in2DMode":false,"pivot":{"x":0.0032107755541801454,"y":0.05792193114757538,"z":-0.0059523433446884159},"rotation":{"x":0.00047984893899410963,"y":0.9637711644172669,"z":-0.26673170924186709,"w":0.001731089549139142},"size":0.9305168986320496,"orthographic":false}