{"cameraMode":{"drawMode":0,"name":"Shaded","section":"Shading Mode"},"sceneLighting":false,"audioPlay":false,"sceneViewState":{"m_AlwaysRefresh":false,"showFog":true,"showSkybox":false,"showFlares":true,"showImageEffects":true,"showParticleSystems":true,"showVisualEffectGraphs":true,"m_FxEnabled":true},"in2DMode":false,"pivot":{"x":-0.5862663984298706,"y":-0.14380407333374024,"z":0.3909396231174469},"rotation":{"x":-0.03501187637448311,"y":-0.6393315196037293,"z":0.7675899267196655,"w":-0.02915896847844124},"size":0.3914371132850647,"orthographic":false}