{"cameraMode":{"drawMode":0,"name":"Shaded","section":"Shading Mode"},"sceneLighting":false,"audioPlay":false,"sceneViewState":{"m_AlwaysRefresh":false,"showFog":true,"showSkybox":false,"showFlares":true,"showImageEffects":true,"showParticleSystems":true,"showVisualEffectGraphs":true,"m_FxEnabled":true},"in2DMode":false,"pivot":{"x":-0.5716156363487244,"y":-0.15341347455978394,"z":0.3420383632183075},"rotation":{"x":-0.07069525122642517,"y":-0.7374994158744812,"z":0.6670864224433899,"w":-0.07815375924110413},"size":0.9914371371269226,"orthographic":false}